SalaryPerYear,CarCost,Result
61062,11004,0
74818,59976,0
43957,67344,1
80178,60840,0
56286,48060,0
31311,65219,1
64330,14781,0
28991,34540,0
38983,59035,1
64593,62313,0
16550,32151,1
46993,67048,0
86832,38247,0
17312,20934,0
17724,68665,1
12614,19042,1
46771,4298,0
13490,50026,1
89422,57255,0
17341,23780,0
60848,65772,0
41232,64511,1
8438,4687,0
77104,62414,0
15747,12990,0
78556,42200,0
69891,25138,0
27955,31468,0
81777,35552,0
49846,33818,0
53828,10009,0
76982,14142,0
37839,27166,0
59432,5050,0
63297,63970,0
14475,3818,0
57658,21528,0
49734,68623,0
18881,25821,0
39607,40357,0
56335,43497,0
10559,46183,1
44515,35555,0
73922,20196,0
43927,18914,0
84798,28522,0
56201,8377,0
36477,51172,0
26714,36817,0
73601,9904,0
10299,8328,0
65459,40616,0
47169,24063,0
38573,64660,1
45052,64385,0
42531,28924,0
88965,11510,0
78056,60062,0
47265,65415,0
52565,47998,0
50006,50047,0
72586,25116,0
58548,33185,0
26813,63672,1
29474,54500,1
35018,36606,0
71761,68537,0
32112,25724,0
10985,18633,1
64643,67977,0
84114,5805,0
29609,12169,0
67854,51037,0
77361,47809,0
85529,51942,0
85902,12490,0
10699,54988,1
58066,39758,0
80060,52342,0
72921,16647,0
47171,30134,0
19891,4097,0
38160,16742,0
60985,57583,0
16097,32951,1
73508,52605,0
22324,68413,1
45915,17107,0
23653,66178,1
77199,66332,0
14132,9605,0
41213,40877,0
72025,69923,0
73899,18675,0
40970,33022,0
84376,56212,0
47897,20933,0
10781,63237,1
86143,57357,0
25099,53008,1
51236,51174,0
74584,53265,0
77173,37558,0
15628,27858,1
44593,49701,0
86852,55821,0
31730,34816,0
60525,69829,0
77051,55047,0
62161,21321,0
44218,10568,0
24761,40144,1
58800,56728,0
23517,47336,1
74256,7134,0
61392,13531,0
61937,41371,0
52842,57572,0
13269,5747,0
35935,24271,0
24641,35694,0
87522,51045,0
46574,16472,0
16349,33589,1
16481,55373,1
25600,29040,0
73036,38258,0
24867,67227,1
22110,65478,1
26155,60806,1
33686,59092,1
25845,65383,1
53763,37936,0
47035,23366,0
30984,12638,0
22086,35039,1
36002,56018,1
49326,46566,0
49939,6629,0
48661,64653,0
58640,67568,0
38233,7735,0
88300,54233,0
38963,45417,0
70966,40437,0
9190,43457,1
9444,2585,0
46793,4919,0
68204,22716,0
45342,16140,0
55333,13731,0
34515,57722,1
60379,9599,0
21721,18458,0
61341,13282,0
58604,32476,0
76433,1979,0
44400,49833,0
28732,19855,0
68946,7213,0
45945,52429,0
44485,51615,0
75341,52556,0
60253,25209,0
42146,28657,0
17808,60520,1
83635,31457,0
40954,55790,0
75574,25317,0
11382,16045,0
16842,16657,0
82162,10235,0
31647,47450,0
19257,13825,0
65927,33698,0
31081,28886,0
85344,25146,0
24316,31693,0
43199,57292,0
35772,51301,0
67017,33521,0
62856,29560,0
38995,27019,0
49007,8463,0
22868,36214,1
39557,10257,0
35686,41339,0
33179,51828,1
65568,20959,0
81902,22157,0
63073,14875,0
29800,5652,0
56120,56890,0
62166,4738,0
81265,47465,0
43719,24023,0
72525,33992,0
13354,67161,1
83477,65498,0
14181,40219,1
56699,42321,0
15392,40483,1
36438,50107,0
72890,38471,0
60141,27551,0
25265,39463,1
87016,23615,0
75454,62869,0
23840,26820,0
28974,4757,0
14116,67262,1
61648,25218,0
47051,68370,0
9362,23921,1
70599,4752,0
57799,61694,0
11054,44367,1
16560,47682,1
39116,25391,0
83696,11715,0
14691,45058,1
39167,1769,0
41032,64852,1
27320,38172,0
12888,7081,0
63649,18520,0
31197,1641,0
33408,58365,1
84823,61972,0
38290,36847,0
76469,28212,0
68856,8164,0
77381,2424,0
16403,43229,1
14663,62026,1
41034,7784,0
65747,24625,0
28553,69546,1
89049,52233,0
24844,68522,1
9888,41796,1
80912,43891,0
31994,7174,0
87084,68740,0
29879,49898,1
81408,60496,0
71902,23055,0
41755,25178,0
50470,62009,0
48421,20686,0
72144,40002,0
43976,42389,0
46692,11031,0
18432,15430,0
41987,43666,0
68318,54682,0
85815,49873,0
22177,63274,1
19011,43225,1
80764,20136,0
72962,51051,0
49736,30833,0
65884,23488,0
37060,66841,1
16704,50650,1
7982,22862,1
31896,69628,1
14780,69768,1
53012,22548,0
30149,32130,0
55204,48202,0
57423,10991,0
40870,2853,0
24535,19263,0
39860,19839,0
14432,31630,1
19295,38368,1
85653,22259,0
11699,54723,1
73621,55950,0
28637,5762,0
26405,16514,0
47968,59614,0
39931,67283,1
50730,54951,0
72337,65222,0
83021,27770,0
70984,7927,0
64370,40701,0
81021,56027,0
44098,52353,0
62800,42571,0
24090,25074,0
51267,59119,0
48211,64475,0
12544,67252,1
53873,11596,0
54158,26660,0
46442,69134,0
54887,5119,0
80656,38975,0
46426,26110,0
12446,6381,0
77437,10839,0
35945,68562,1
88404,36526,0
7569,5720,0
23697,55697,1
51302,65403,0
34790,30423,0
25580,51865,1
7158,17414,1
66826,55992,0
86954,36995,0
51306,68058,0
8199,44925,1
84949,57433,0
51877,33510,0
83383,50835,0
20655,66022,1
69238,36722,0
28096,56555,1
27387,32207,0
14597,57893,1
62615,3695,0
16322,21103,0
89981,45457,0
39436,37991,0
86387,40444,0
17944,41892,1
51407,42795,0
56699,57952,0
27849,30962,0
50900,30696,0
10858,9236,0
23036,37779,1
64080,46157,0
37907,14611,0
87727,1585,0
69677,30794,0
26969,8088,0
69693,2548,0
59134,27796,0
30055,10290,0
80964,40149,0
28520,18132,0
57446,57965,0
9833,24171,1
11146,31108,1
53841,6461,0
58240,35739,0
23987,29264,0
57795,59025,0
63824,15020,0
37505,21164,0
16347,41663,1
72881,42082,0
61776,64957,0
43613,12594,0
81723,17311,0
58752,12483,0
41317,9743,0
81472,17515,0
16293,53743,1
87007,47275,0
11034,38234,1
51491,45329,0
30744,16087,0
16748,51894,1
69987,17529,0
53253,57016,0
60379,26859,0
40732,10479,0
78561,34476,0
15677,35524,1
80806,56005,0
44174,51652,0
88383,51853,0
11700,10946,0
31447,19841,0
45479,61645,0
69085,58259,0
62331,49037,0
7512,42219,1
44482,40160,0
75020,14469,0
12353,55529,1
40865,56037,0
32225,57977,1
64844,41758,0
44815,38470,0
42670,7797,0
7813,12606,1
70216,22590,0
33422,48129,0
16411,68613,1
48820,57126,0
19204,27262,0
79118,33856,0
60579,21786,0
74142,49644,0
87195,17053,0
15221,65498,1
53312,69074,0
84953,2724,0
37334,36679,0
51874,59376,0
48503,16138,0
88009,32647,0
73097,67294,0
40327,45490,0
41207,5131,0
54132,46092,0
86075,2667,0
49365,10406,0
58501,39908,0
34497,42679,0
72638,37483,0
79544,10295,0
45308,48984,0
67837,28397,0
37726,51641,0
43135,60947,0
54936,26526,0
62220,24374,0
10349,36885,1
34308,39540,0
65856,30116,0
50339,34650,0
47637,41662,0
22198,39787,1
31231,55598,1
72930,37819,0
38602,53985,0
21220,26221,0
38310,36507,0
12680,66107,1
53038,43277,0
24203,2626,0
58529,33928,0
68803,31919,0
9916,10624,0
46156,64944,0
70196,39348,0
84592,58089,0
55655,21147,0
44864,26901,0
12376,57800,1
33182,6454,0
10246,49350,1
23607,18817,0
81508,9729,0
11826,46682,1
74298,64825,0
85474,35779,0
37745,58712,1
24961,46697,1
32831,36506,0
43916,46553,0
12587,19757,1
49531,69003,0
39623,61341,1
17174,16723,0
24309,33524,0
41371,11145,0
66520,56212,0
65965,12584,0
39304,24058,0
22985,2246,0
9968,61818,1
65113,50741,0
58779,23151,0
36549,63880,1
60594,25748,0
35280,41423,0
26584,53698,1
45172,68106,1
62805,56717,0
71093,55967,0
8058,50196,1
22211,24859,0
38623,19318,0
81567,41796,0
62686,34414,0
82605,67786,0
69412,7105,0
33884,46772,0
42616,43390,0
57408,67466,0
87555,62714,0
12112,68939,1
59746,2548,0
64782,53745,0
39099,61264,1
51352,48452,0
76528,53007,0
26197,2836,0
28789,4227,0
65230,41844,0
71750,68103,0
38600,11487,0
71424,50354,0
43755,48988,0
42067,13315,0
16072,1813,0
58535,39755,0
88453,41934,0
73675,51992,0
12514,11503,0
67973,61766,0
33311,17286,0
12195,23172,1
12883,48206,1
78814,50991,0
33626,17627,0
76594,33785,0
26925,15384,0
9408,18301,1
40454,40859,0
69700,52339,0
37925,7629,0
71403,45640,0
84294,15958,0
86311,57718,0
76074,50928,0
62489,36907,0
48015,59197,0
40070,54566,0
50523,4148,0
56006,62946,0
8601,24039,1
87493,55850,0
69699,13099,0
13190,69959,1
8159,44712,1
84723,27781,0
10171,23445,1
87060,27038,0
14948,3210,0
40894,35234,0
31602,20376,0
65004,21287,0
29119,24502,0
47720,68341,0
14641,58438,1
60310,28521,0
85694,39823,0
26005,37880,0
35722,42227,0
8774,68805,1
84836,15045,0
27337,36901,0
19084,13686,0
20264,53237,1
82518,56880,0
80986,27537,0
35176,43585,0
9426,63745,1
84915,32334,0
62244,9279,0
67667,2142,0
8967,58064,1
59561,21215,0
41502,65180,1
83108,60267,0
34735,10506,0
9526,33013,1
79161,63348,0
88012,16944,0
23839,55393,1
9104,34705,1
70884,56378,0
46546,68049,0
86752,25295,0
62101,39617,0
43518,23499,0
31202,60271,1
29858,66667,1
66206,38485,0
47578,7651,0
15370,15878,0
13486,49394,1
65917,33420,0
27655,37991,0
12659,65787,1
85977,63528,0
54633,37149,0
52374,8964,0
39862,51781,0
42156,33067,0
47655,20328,0
86820,50995,0
32220,68123,1
86740,25540,0
12574,3538,0
83667,23440,0
88910,65273,0
28234,55026,1
45394,51868,0
39307,48805,0
74103,11511,0
72440,50269,0
71009,7764,0
40516,14809,0
60295,58448,0
41318,20032,0
66760,44252,0
50756,9715,0
34161,43515,0
67854,21442,0
16880,8300,0
86168,46598,0
19401,56615,1
66951,27265,0
64313,2161,0
31389,52773,1
88224,65370,0
89792,48158,0
22643,13585,0
52917,62162,0
65288,6636,0
7125,5095,0
49837,17271,0
9732,59506,1
80419,47149,0
84978,4541,0
77028,21949,0
42674,44063,0
25428,7299,0
22186,69875,1
39921,29860,0
43734,7033,0
74268,38898,0
18419,57160,1
20572,23333,0
22598,37517,1
25705,49754,1
78519,47779,0
71638,9630,0
83273,20380,0
60881,63895,0
73761,25447,0
75646,63773,0
64109,49678,0
72261,52391,0
36005,51201,0
48648,4045,0
62147,6402,0
52000,8008,0
22866,1605,0
59771,60960,0
19427,6596,0
58178,43012,0
46596,66100,0
7171,21051,1
37558,27055,0
87337,27482,0
22089,48010,1
14248,7120,0
12958,5505,0
24764,60233,1
33862,10549,0
52029,54461,0
54869,28301,0
34387,30563,0
57146,42564,0
71575,43019,0
39373,30117,0
59775,13617,0
37197,36827,0
63583,24964,0
59444,46341,0
53168,33881,0
62316,5277,0
55022,14631,0
10030,32053,1
58129,63254,0
8108,13822,1
65359,7697,0
46062,17106,0
67839,39031,0
64591,59937,0
88588,27750,0
65455,25926,0
16510,6635,0
26338,48190,1
66765,40555,0
8832,61422,1
49911,12783,0
54599,41443,0
34315,39899,0
84233,52942,0
8487,41984,1
15535,38918,1
53627,8078,0
51316,19481,0
84980,42799,0
26151,2668,0
25652,61521,1
82914,45306,0
20924,56607,1
48879,10442,0
46245,55194,0
26739,21923,0
38775,47972,0
60216,61156,0
44340,37223,0
55663,51981,0
88943,51407,0
13541,38675,1
46611,29533,0
89075,23167,0
37567,50944,0
45220,20310,0
26348,32962,0
31012,60990,1
71525,29966,0
25761,20104,0
19533,46669,1
17369,8891,0
55794,69060,0
65277,43905,0
46033,42673,0
69883,39722,0
88902,19858,0
12576,41870,1
51960,58682,0
81531,11440,0
66459,20322,0
74435,7354,0
8771,59697,1
39012,30379,0
35016,22235,0
88593,27128,0
86218,53581,0
59613,31877,0
26094,38240,0
9038,10210,0
77703,12254,0
15090,66637,1
25880,8523,0
71753,41594,0
35980,54623,1
43250,1316,0
43379,69465,1
64295,68518,0
10954,32676,1
66496,66050,0
42122,28763,0
69167,25809,0
59316,31826,0
55957,42722,0
28973,36081,0
51076,52686,0
45834,42353,0
57329,61852,0
67431,16367,0
24119,9614,0
88998,36190,0
83337,27359,0
21575,27568,0
65074,35461,0
8515,48720,1
47245,11908,0
18787,25308,0
37232,47184,0
82099,41723,0
24346,9129,0
52205,48962,0
78723,46142,0
27776,6234,0
76334,60059,0
51885,6085,0
75979,27285,0
14241,4655,0
33697,38468,0
71934,22248,0
38102,17607,0
49456,35743,0
34984,52468,0
34370,69026,1
69121,42914,0
15416,46209,1
33236,27448,0
33927,60083,1
22693,7422,0
13729,53132,1
27364,68811,1
83883,53877,0
78784,21186,0
20653,11943,0
32062,4397,0
85253,39835,0
71379,25748,0
87923,15305,0
14035,56348,1
74015,29794,0
74192,65701,0
68095,32310,0
61302,23802,0
76998,29177,0
38386,17868,0
64730,8497,0
24859,4753,0
74584,26124,0
38193,54862,0
67622,17104,0
7949,6582,0
85050,65628,0
69897,24987,0
12077,9093,0
45610,61347,0
14477,25734,1
63295,4768,0
30732,17777,0
52328,8951,0
62023,36073,0
85867,44330,0
10207,57830,1
30680,64767,1
72700,11649,0
11334,53218,1
83362,13245,0
33834,29846,0
84147,9955,0
54563,49937,0
44750,67391,1
7528,23057,1
20093,5803,0
47523,68266,0
46450,37272,0
22263,25911,0
59738,37149,0
53232,57967,0
9058,52576,1
71088,66391,0
14384,36850,1
25251,57406,1
76704,29790,0
26695,15141,0
51456,29774,0
18965,5516,0
70826,68134,0
9366,2449,0
74447,12507,0
57138,3547,0
10180,32897,1
27001,19741,0
11912,46753,1
69153,60243,0
41123,55047,0
23816,69188,1
45102,4353,0
50679,5708,0
8904,15157,1
73440,37341,0
50611,36955,0
73973,25481,0
66365,25180,0
77468,54359,0
89862,6382,0
32881,63595,1
88967,29425,0
52851,17157,0
19059,42005,1
7452,11104,0
11240,39087,1
72402,69747,0
70492,47046,0
46748,54791,0
73647,60512,0
28916,56038,1
63111,49010,0
37289,58718,1
39510,65660,1
66335,25969,0
24197,25837,0
52762,38246,0
72965,29302,0
49216,6864,0
80826,4079,0
24713,51885,1
9231,31912,1
49342,27752,0
54708,60815,0
26578,64714,1
59428,29536,0
12275,21187,1
18150,29734,1
37271,47118,0
76648,68910,0
55859,49757,0
62934,4811,0
60544,51031,0
43697,31665,0
55182,57753,0
43646,69370,1
48819,67465,0
80671,23175,0
23336,53502,1
67255,34125,0
68560,1900,0
23480,64025,1
30650,50755,1
12271,6721,0
44232,6107,0
53181,15505,0
17834,61149,1
23865,59874,1
64138,60700,0
75592,16164,0
84116,36671,0
71736,5324,0
49618,7276,0
74290,22369,0
40039,67729,1
54725,3221,0
89533,15434,0
89903,6862,0
30088,5856,0
16111,64598,1
81749,8219,0
28351,66780,1
41293,30183,0
12287,62610,1
83676,55496,0
35400,57878,1
72162,45875,0
42317,35452,0
17112,30237,1
71348,37172,0
85350,27609,0
83091,33887,0
58894,18488,0
42344,35130,0
76767,39655,0
53785,58110,0
50748,32936,0
68233,7265,0
69508,66827,0
63228,46579,0
16498,62461,1
54524,60526,0
29769,53472,1
88926,27959,0
80059,41620,0
11381,66373,1
87036,66409,0
85999,26346,0
47353,58128,0
40044,58915,0
22457,32584,0
9208,48704,1
78741,31029,0
47296,13422,0
54787,57195,0
68410,31438,0
7401,8603,0
28309,46392,1
73902,32271,0
70899,33183,0
52195,66776,0
22528,9132,0
34501,44081,0
85895,22589,0
70067,36934,0
42465,53030,0
15414,29262,1
54062,37764,0
54503,60421,0
63036,49866,0
49112,32220,0
25981,33938,0
68538,29503,0
70784,57334,0
89729,8658,0
14059,20157,0
60051,32287,0
66505,29233,0
38824,37874,0
18069,25627,0
79231,26701,0
16259,36622,1
20160,29363,0
42163,35223,0
67811,46263,0
75238,30782,0
55298,60221,0
45313,9598,0
55391,10135,0
35494,46949,0
58843,53266,0
61221,41049,0
16716,51913,1
8375,19817,1
9013,22284,1
18713,19124,0
87485,53795,0
34741,20855,0
55404,64612,0
53966,44911,0
83697,3171,0
51386,64385,0
9139,55680,1
82487,59546,0
30157,24818,0
9527,38961,1
82594,25035,0
22195,56738,1
50265,33689,0
89158,10585,0
38620,16596,0
9085,12375,0
78151,37503,0
13398,50463,1
77407,65268,0
56934,39800,0
11315,54532,1
10411,38628,1
82680,31603,0
35313,16875,0
20888,9084,0
59654,4683,0
12165,8822,0
21032,40808,1
34195,16881,0
68161,31896,0
23803,14441,0
81943,41204,0
51021,31350,0
49581,37890,0
28989,63477,1
12127,53422,1
27123,37856,0
7541,62086,1
82860,1369,0
72582,25663,0
71716,3879,0
12379,62082,1
79734,26134,0
23821,59043,1
84150,66240,0
45282,27431,0
86356,12079,0
83739,57223,0
80842,64372,0
77460,69717,0
42133,62308,0
46624,69582,0
37061,23291,0
36672,46008,0
55167,43259,0
41719,5753,0
83328,45319,0
31309,23390,0
15699,50029,1
61282,35194,0
13980,50501,1
68446,29275,0
58025,11637,0
65889,5452,0
56893,14041,0
75847,68016,0
32057,47557,0
13519,45637,1
80064,23755,0
70468,40053,0
55210,59477,0
11121,9692,0
30555,7587,0
63138,45632,0
66377,46018,0
18610,6293,0
75894,24704,0
58511,6296,0
40731,60596,0
89941,5914,0
78899,46881,0
70254,29310,0
29392,24348,0
89584,19282,0
71845,42648,0
42976,8542,0
78573,30176,0
27566,15922,0
31883,58789,1
82958,51869,0
82035,21842,0
13717,27650,1
10381,53071,1
73387,26852,0
29907,1310,0
8228,28098,1
76994,68267,0
53378,18630,0
38714,56645,0
43341,28460,0
33457,61859,1
15834,6659,0
77460,17043,0
50667,5102,0
53680,12455,0
42961,64268,0
37015,30308,0
28933,68079,1
56438,55846,0
43631,53731,0
7350,49702,1
52847,56706,0
71950,36209,0
36786,36337,0
70285,48373,0
84356,55404,0
47804,60726,0
54998,29046,0
22648,11916,0
85194,30773,0
45887,26779,0
32329,23396,0
71606,15832,0
20625,51878,1
51274,53032,0
42279,10597,0
25443,33983,0
54298,11369,0
7452,15692,1
27322,22506,0
12613,9381,0
86009,59165,0
40411,24580,0
7844,55501,1
35980,7046,0
62649,21817,0
75572,66862,0
57648,63360,0
25101,2914,0
65375,16491,0
20470,14228,0
77301,16842,0
33314,35889,0
44366,41376,0
42790,2728,0
66963,17820,0
84387,65271,0
42368,47936,0
33664,55671,1
12605,47403,1
70015,62420,0
25946,58185,1
59047,56856,0
65297,41978,0
29329,2638,0
36861,59895,1
11114,67097,1
14859,59974,1
26607,3863,0
73190,67695,0
89051,35075,0
38473,54626,0
37132,44831,0
40870,10452,0
59222,61541,0
26217,59443,1
33993,38990,0
58055,50352,0
30330,68096,1
80584,58151,0
82404,47897,0
58499,10091,0
10182,59588,1
22082,6947,0
7882,37519,1
32887,23302,0
33425,19800,0
27984,51796,1
50481,66687,0
15718,5251,0
70093,18944,0
79846,7378,0
23567,22117,0
24209,43053,1
31037,10588,0
59097,2430,0
23735,69958,1
45228,66143,0
35880,8558,0
74126,61758,0
8590,58483,1
27307,68840,1
70119,60406,0
84858,34672,0
31483,40989,0
43478,11126,0
17164,30998,1
45665,28842,0
15641,69645,1
76918,53174,0
30959,50031,1
50079,23464,0
74387,20025,0
54876,44618,0
88873,32870,0
56723,37090,0
19469,16868,0
58482,5244,0
80067,69384,0
70792,52625,0
26712,61145,1
67304,10880,0
72334,52426,0
27624,8613,0
45373,9789,0
56546,40353,0
43491,4143,0
34647,61804,1
89539,40558,0
69239,30535,0
76627,1965,0
86844,40415,0
55554,43397,0
73120,13986,0
8792,10945,0
77366,5985,0
59544,51658,0
87368,58336,0
21077,15022,0
80947,3355,0
69901,55484,0
12311,19608,1
78257,51846,0
51714,42106,0
57977,39397,0
62089,25297,0
65007,10345,0
70598,33407,0
19570,42876,1
72967,26634,0
87813,47521,0
74439,7812,0
64459,12537,0
65477,64830,0
46822,37949,0
50277,6474,0
51704,21021,0
21685,55275,1
51997,39690,0
60560,23473,0
22710,65122,1
36559,37146,0
71123,12929,0
77766,27954,0
7147,49117,1
56179,43725,0
17224,17931,0
13278,61700,1
60484,35909,0
35765,42691,0
15320,2721,0
57146,3898,0
11572,49530,1
44109,59675,0
33629,30881,0
24795,69385,1
27645,25388,0
52402,58306,0
60420,55987,0
42475,42635,0
67947,48224,0
43876,23017,0
66708,4802,0
22016,23098,0
86610,48328,0
11521,39235,1
73441,37588,0
46902,65589,0
74447,29777,0
10838,61800,1
71578,65590,0
21810,60173,1
29606,63346,1
64243,5886,0
60992,55862,0
72104,26866,0
12802,31898,1
22191,26251,0
14246,6393,0
18572,48796,1
60876,25569,0
60426,36801,0
41034,40646,0
89873,17029,0
50438,14836,0
18734,59471,1
72860,26290,0
50063,33922,0
64223,69940,0
64264,1803,0
44289,5174,0
12975,6976,0
34478,12320,0
58700,39706,0
55474,6079,0
77706,40750,0
78395,30878,0
9947,62258,1
14721,23991,1
32849,53265,1
43114,53719,0
11620,8503,0
60828,54700,0
69159,52631,0
17515,17901,0
77292,55955,0
65621,46255,0
19836,66807,1
46999,54247,0
20836,35564,1
72337,24532,0
35677,64643,1
78817,13048,0
81537,13037,0
29225,27530,0
72791,36530,0
71768,18273,0
18313,61565,1
26830,4042,0
48954,28470,0
19284,37691,1
27306,48124,1
32678,35260,0
48634,35790,0
61672,5078,0
73472,50214,0
80753,11449,0
17546,28405,1
53880,61446,0
84049,54104,0
52340,51668,0
59613,3738,0
53446,28387,0
17687,33629,1
70296,26544,0
75145,22503,0
57669,34936,0
21834,34510,1
85604,66799,0
45022,10703,0
25722,4319,0
36816,23033,0
61644,2342,0
87540,35898,0
22271,23191,0
31245,24759,0
52220,21644,0
49978,39309,0
50217,7610,0
80657,65032,0
48242,67915,0
30420,10493,0
22634,54178,1
69320,24536,0
89025,22663,0
65453,13686,0
77682,58251,0
24847,59319,1
60155,8358,0
31068,20147,0
16701,9908,0
37824,69107,1
51760,43094,0
41044,6210,0
31726,22256,0
16862,15146,0
35465,27851,0
9708,2611,0
46866,66439,0
85593,39152,0
21503,41890,1
70843,21429,0
59656,23739,0
74510,7202,0
83237,10994,0
14585,66218,1
61266,49033,0
68143,28269,0
49087,30936,0
75843,46823,0
75552,34871,0
28967,42375,0
67400,50295,0
38554,49733,0
28539,6966,0
30004,8882,0
14608,57323,1
24316,55499,1
54972,44099,0
64267,61372,0
37970,65134,1
7923,19802,1
75320,15392,0
10375,9789,0
59925,64141,0
84237,20011,0
45260,38490,0
81202,11045,0
10022,4717,0
83500,46469,0
51102,50203,0
8224,43538,1
15509,46635,1
16901,8855,0
73717,17239,0
9430,36501,1
40578,68293,1
63166,29430,0
46224,17282,0
13840,42745,1
21250,66476,1
54594,20718,0
30773,23654,0
37363,28891,0
70093,47854,0
51067,46171,0
21881,48690,1
15936,43464,1
48229,37128,0
61641,46171,0
78622,52518,0
42000,32250,0
62963,65076,0
18472,64925,1
42448,64409,1
44095,15479,0
59176,23940,0
35313,69612,1
40962,11436,0
36661,9242,0
58901,39952,0
46850,61647,0
26309,64397,1
87170,2117,0
50958,27107,0
63732,34273,0
43184,31970,0
49405,25466,0
49015,27324,0
42403,13206,0
56041,17778,0
18716,19915,0
35143,39822,0
49172,30516,0
79461,61735,0
13674,45822,1
7711,45128,1
86274,51002,0
38641,52782,0
85166,63267,0
34155,68417,1
84163,50625,0
29149,20949,0
21816,32284,0
18998,40189,1
78608,25988,0
17608,4383,0
8315,2625,0
70053,3996,0
29711,58588,1
87826,45570,0
8847,41107,1
26268,47082,1
26236,1700,0
10995,36971,1
45428,60499,0
7080,33118,1
57569,60315,0
70607,66814,0
34376,35559,0
12022,12981,0
50648,56464,0
64381,39563,0
20398,32806,1
68637,15207,0
71391,39621,0
58910,52155,0
75352,52145,0
40271,17782,0
70873,31056,0
79711,18348,0
85312,57129,0
74557,63162,0
9695,45683,1
9065,68134,1
58244,56469,0
15090,51243,1
80220,42308,0
19036,38983,1
82040,12736,0
27083,57605,1
11810,27910,1
7326,16895,1
19135,61294,1
47576,58131,0
63991,34879,0
79467,37345,0
72555,16534,0
71281,68171,0
8844,19192,1
27465,26040,0
51943,42941,0
13274,27920,1
51198,46921,0
53466,52491,0
25795,63136,1
64333,45172,0
16067,42245,1
13928,51944,1
34857,27998,0
61189,44986,0
26349,27817,0
78498,51215,0
40611,5044,0
45899,12035,0
37265,52455,0
29832,48416,1
11292,12476,0
32984,5720,0
57193,33505,0
55902,43977,0
52776,61177,0
81904,6817,0
10946,25880,1
44005,23829,0
27864,5770,0
30380,58400,1
67615,40121,0
86549,20255,0
39192,11962,0
11313,67640,1
9451,51614,1
60767,68884,0
79767,23870,0
24507,3769,0
44940,60199,0
24064,23701,0
35624,61601,1
33556,23192,0
58217,31578,0
43634,10032,0
7772,55971,1
21411,68907,1
55652,61659,0
10826,56348,1
87387,56019,0
23666,37035,1
23286,16412,0
40978,52197,0
12562,19425,1
79208,28585,0
13197,35348,1
7782,7676,0
49958,30300,0
25490,34578,0
24641,68648,1
47441,59329,0
72563,42442,0
31452,15049,0
22744,45875,1
37522,8687,0
37261,33551,0
19759,47276,1
68827,34279,0
85680,16608,0
70971,8330,0
41756,69617,1
64446,52535,0
62622,8843,0
74315,3969,0
53199,66829,0
83269,39033,0
43370,24269,0
29554,60808,1
76405,47297,0
73930,58140,0
12420,48181,1
50236,37187,0
62611,18117,0
23594,9519,0
87915,24849,0
50613,23438,0
13309,45786,1
8066,68176,1
33309,13345,0
78885,55652,0
46368,42652,0
51531,49460,0
69662,22957,0
10884,2934,0
52570,55216,0
30732,41609,0
16910,55934,1
10399,49113,1
71433,9013,0
44201,64444,0
88608,11718,0
44775,27971,0
36110,60007,1
18775,47559,1
87642,66386,0
81944,7856,0
7235,45776,1
74066,27792,0
74427,18990,0
59573,22577,0
18459,27019,0
64333,59093,0
71823,1514,0
10123,18812,1
23035,14258,0
15203,63289,1
25712,16336,0
84081,52949,0
70017,64251,0
27594,46795,1
62576,2214,0
47874,10983,0
68399,37222,0
73969,9560,0
13782,8681,0
56904,25319,0
44069,27038,0
20758,3404,0
9360,55178,1
20966,5675,0
35118,4344,0
41346,55390,0
49602,6485,0
49993,30328,0
24976,61240,1
46328,28355,0
54940,2445,0
84090,25696,0
8445,24505,1
17549,20260,0
41846,40138,0
29808,36457,0
34736,35909,0
84782,36478,0
8092,20046,1
89475,24356,0
39372,18431,0
69314,17814,0
19465,12397,0
40693,14529,0
71902,18771,0
33357,51904,1
14851,43832,1
66048,45028,0
34761,65389,1
61489,4287,0
42038,31086,0
82607,69782,0
27048,38775,0
57642,10725,0
87165,63132,0
22824,16556,0
29852,45812,1
45264,47325,0
37820,27930,0
11313,63588,1
29385,7086,0
31214,44364,0
88666,32975,0
17881,7422,0
79704,15369,0
50567,43901,0
89660,48808,0
58238,60191,0
85505,49121,0
9100,56821,1
61437,9535,0
83100,47408,0
42931,22664,0
84722,41300,0
38729,48426,0
54582,48355,0
7406,52870,1
59583,10992,0
82243,59735,0
59233,10916,0
31946,27569,0
76867,50658,0
79442,11599,0
59788,12294,0
20241,61484,1
29454,37469,0
46259,24310,0
72447,64548,0
9128,9121,0
48116,27016,0
42506,16225,0
78942,62906,0
39187,54583,0
55959,64316,0
26385,37261,0
32198,28089,0
46746,68375,0
86303,53209,0
40591,23646,0
83425,27533,0
80149,23059,0
78666,23601,0
41679,43846,0
16957,35029,1
12473,14782,0
23990,25245,0
49465,33840,0
82689,24728,0
37913,25245,0
37315,38370,0
59479,22799,0
45749,69897,1
85307,45885,0
21794,25628,0
14548,17424,0
60585,64472,0
19750,51352,1
40136,69815,1
35834,25032,0
44590,11811,0
38855,13604,0
30206,41258,0
21326,5172,0
86753,33189,0
57275,6266,0
41968,25778,0
52432,27092,0
37853,52237,0
43159,48094,0
40634,23989,0
46671,54214,0
59575,15008,0
60700,19576,0
69205,1542,0
26570,39734,0
31238,48536,1
48968,58554,0
72058,68831,0
19565,3452,0
41465,13225,0
11900,6174,0
19853,57635,1
35916,65830,1
23646,33742,0
38894,19783,0
73476,66028,0
64092,26692,0
13860,7731,0
56209,7773,0
35300,66789,1
71780,25003,0
44499,52216,0
64264,44913,0
55678,9786,0
14687,50212,1
41645,38462,0
70256,44552,0
15228,24793,1
64158,21970,0
34692,68248,1
10904,59320,1
81663,66944,0
84952,25148,0
16500,16907,0
62483,5669,0
36929,29662,0
24992,58229,1
42498,8437,0
63334,31141,0
67015,18325,0
11169,20123,1
9924,42268,1
49474,13637,0
43251,67779,1
74280,42672,0
59722,55673,0
49598,49632,0
45810,64955,0
75902,40968,0
63691,29632,0
24090,63689,1
40069,23152,0
21848,36203,1
86199,11101,0
40683,52744,0
85356,33674,0
16174,40788,1
49906,34019,0
43108,46354,0
75700,12572,0
72283,1504,0
44409,69956,1
82820,11169,0
32884,64618,1
40026,53571,0
89888,19800,0
47947,54368,0
41005,48286,0
60108,18773,0
55044,12900,0
60261,32166,0
52996,27697,0
88832,37631,0
51266,31295,0
39106,18721,0
63170,12340,0
62602,30955,0
72265,69315,0
83350,58169,0
84018,10870,0
39448,35646,0
75475,11703,0
77056,30882,0
63782,7475,0
85618,6409,0
24564,48427,1
74267,25358,0
42141,35469,0
36445,11570,0
88385,51814,0
32537,2548,0
79619,53376,0
81814,43020,0
80176,9173,0
35486,18417,0
77443,30859,0
31054,47432,1
47554,51816,0
87033,31300,0
83282,54586,0
29774,55068,1
76329,21757,0
64257,20475,0
61740,9954,0
56366,29181,0
31549,10823,0
85883,29614,0
83647,28723,0
78214,57107,0
30384,60243,1
58915,1818,0
23332,53119,1
15821,42500,1
23144,8712,0
54989,68610,0
84329,23460,0
21346,57942,1
69241,42231,0
16320,57778,1
83388,7345,0
18280,12977,0
22071,51776,1
34529,2633,0
79353,42485,0
61898,2169,0
13087,20545,1
70008,43918,0
33584,44251,0
76856,58863,0
70483,39620,0
18461,65727,1
30632,26093,0
71129,20341,0
76544,13506,0
48272,6078,0
27047,52654,1
39898,7330,0
77767,18370,0
71498,59119,0
19462,58310,1
80421,1704,0
21776,39779,1
34330,61463,1
54706,19428,0
81094,56690,0
40509,48192,0
72342,7022,0
8324,52093,1
84534,30590,0
44895,61467,0
16391,4350,0
74502,35926,0
45868,61287,0
29357,3110,0
12582,10675,0
19582,8007,0
41764,66845,1
45065,17203,0
34457,45468,0
25630,18447,0
47230,27111,0
44045,38625,0
33847,27852,0
46500,41655,0
39470,26003,0
61851,33465,0
80403,20671,0
49710,37154,0
68994,61520,0
62954,49269,0
30484,44408,0
58236,58558,0
31100,49997,1
14640,34288,1
55770,8825,0
48099,31338,0
36956,44434,0
44673,33425,0
15293,57581,1
19454,53247,1
27545,9438,0
41339,14608,0
7607,45675,1
18901,46837,1
69580,40881,0
24307,52174,1
28399,39171,0
42386,33184,0
86572,17978,0
12721,24054,1
51039,17211,0
87609,17722,0
17786,29372,1
33223,54436,1
60616,26449,0
77673,7928,0
24519,60024,1
8392,2967,0
60967,65225,0
55386,34458,0
43871,63189,0
83162,3430,0
14547,10468,0
20529,23682,0
66421,58729,0
46255,68739,0
59138,14721,0
67779,48757,0
13523,3884,0
62266,17645,0
42559,34994,0
18247,48731,1
60770,49367,0
73583,53372,0
72211,58884,0
71086,7050,0
83672,61366,0
63818,2105,0
41448,17000,0
59498,30023,0
28374,58682,1
80181,18818,0
29398,35784,0
84115,9997,0
25470,35966,0
41109,25184,0
21985,59468,1
22179,58667,1
54700,64024,0
15888,68736,1
34104,53471,1
75529,9212,0
33651,5450,0
25249,53383,1
48185,20087,0
59321,40614,0
31848,25917,0
50230,66242,0
22735,6879,0
21488,54280,1
41391,29596,0
31695,64178,1
25633,59233,1
20340,51926,1
10449,57647,1
12526,30809,1
79344,46835,0
50616,32240,0
20355,62491,1
21591,41352,1
43461,6446,0
60192,36894,0
72413,27285,0
9417,50279,1
59913,13886,0
16551,57029,1
88948,9653,0
59164,13546,0
12897,44605,1
27912,37715,0
39323,54194,0
72054,14529,0
61521,16992,0
74025,11783,0
19093,31347,1
71026,51093,0
43622,56615,0
22677,36788,1
84109,13909,0
18090,26602,0
54874,62810,0
84468,44689,0
40808,27637,0
61390,30451,0
67855,37568,0
68135,17472,0
84351,54023,0
61675,50766,0
48837,30291,0
75155,9458,0
50632,37930,0
67267,63391,0
45433,34528,0
19214,8579,0
78216,3795,0
32916,29424,0
20094,64159,1
74205,11767,0
55708,54050,0
54710,12892,0
65180,34287,0
13966,13742,0
26319,9507,0
60509,19121,0
19646,52685,1
83291,41703,0
53229,21838,0
51355,3587,0
44386,8796,0
66921,12926,0
14745,63747,1
81745,44614,0
11782,48609,1
89930,16654,0
85008,54115,0
28228,60364,1
80684,28150,0
46355,58909,0
88113,43723,0
15517,62605,1
46002,53190,0
56549,63368,0
80344,66465,0
17778,29415,1
47835,21409,0
58673,25768,0
52758,30404,0
30545,68789,1
23777,50803,1
53043,61006,0
19090,62898,1
72105,24618,0
47023,60695,0
31388,24087,0
19608,61779,1
8408,37627,1
62343,16855,0
82051,45324,0
66408,25654,0
8444,22717,1
15287,56447,1
27007,64169,1
49751,32185,0
68490,69131,0
44696,47897,0
42560,5825,0
57721,5549,0
10537,10223,0
64128,22433,0
60907,52052,0
60556,18759,0
41645,35179,0
16173,29557,1
34595,23902,0
84642,34512,0
52788,11779,0
51264,36776,0
45356,11641,0
76685,18640,0
87140,13403,0
50719,43045,0
29609,59414,1
12636,32292,1
51734,1511,0
42276,38834,0
11110,38213,1
55784,53272,0
24148,55202,1
56927,11599,0
74043,34018,0
85879,25209,0
24098,60359,1
80891,34107,0
89550,5062,0
82171,19099,0
54099,61524,0
74826,22940,0
53933,45442,0
82442,57423,0
62604,16873,0
70837,13497,0
39548,25155,0
85759,44571,0
38881,50242,0
75968,53513,0
70718,34284,0
72406,66395,0
42982,13439,0
45223,53110,0
18521,37593,1
11310,17878,1
67673,53246,0
32317,8690,0
73511,66617,0
25015,27649,0
80063,24572,0
24931,62508,1
15919,13765,0
33199,43991,0
88978,18418,0
13389,48067,1
8834,17508,1
26336,23288,0
65195,8834,0
42267,55949,0
24419,34935,0
11897,62357,1
68750,21568,0
49420,68917,0
42671,45355,0
64965,9537,0
85259,65322,0
77876,37840,0
59213,64629,0
39811,37103,0
56420,38478,0
42834,39920,0
44925,61053,0
18688,9371,0
17287,12457,0
19983,42862,1
48573,30906,0
77416,62148,0
22704,50514,1
67001,59342,0
12309,6933,0
37497,37834,0
12910,26598,1
87310,41820,0
12301,32690,1
8945,25028,1
38756,58162,1
17110,43802,1
14090,60884,1
52310,68511,0
59390,19282,0
37590,33366,0
8019,66076,1
71199,7780,0
32006,47805,0
50708,19410,0
10612,28791,1
52389,13071,0
7232,29694,1
48654,35214,0
75107,44933,0
8002,12750,1
68969,40809,0
31919,29715,0
83225,66573,0
24454,20919,0
77572,44649,0
89623,12224,0
64308,39641,0
83055,44150,0
71925,69037,0
87711,55958,0
61060,39349,0
38989,43559,0
81881,60905,0
70100,49550,0
39957,18962,0
62928,28657,0
23336,56903,1
33741,67618,1
16000,17888,0
48389,34985,0
68013,1860,0
48787,25374,0
37820,37863,0
66950,49439,0
52901,63879,0
76378,3600,0
40237,52279,0
48987,8139,0
43837,9577,0
53709,13402,0
67196,42399,0
80118,43309,0
72033,10716,0
9941,24232,1
73320,33389,0
14565,66830,1
69998,46913,0
88629,46012,0
15629,10490,0
86621,65185,0
30688,58849,1
55076,63338,0
22966,39115,1
16085,19172,0
47326,34195,0
13964,23048,1
67712,46424,0
11209,43046,1
40081,66374,1
20776,65841,1
42880,38220,0
38883,39197,0
38490,7329,0
39604,28677,0
81707,11338,0
27846,41428,0
75681,55994,0
60575,28322,0
60556,32498,0
59623,68029,0
78669,3089,0
8706,18873,1
69890,48140,0
52482,33291,0
51133,24530,0
9469,54615,1
81581,14779,0
77104,55650,0
27936,20671,0
24184,15569,0
59193,10635,0
17677,25162,0
63574,57726,0
49535,34668,0
51573,54339,0
10537,37712,1
80583,41544,0
57574,34033,0
85437,27878,0
87296,39708,0
66690,1405,0
61601,51782,0
55811,57049,0
14224,66238,1
77727,37326,0
58681,66541,0
57435,62574,0
47643,38105,0
42164,16882,0
82639,8061,0
43053,2624,0
55339,47884,0
50833,4192,0
25438,67638,1
34230,6064,0
85406,58158,0
78424,32319,0
50479,24806,0
51455,27639,0
53171,53897,0
13411,52360,1
49740,61353,0
88976,60520,0
22054,58401,1
41914,27552,0
49271,48275,0
54580,36275,0
23076,48052,1
82636,63529,0
22231,43171,1
81827,31006,0
89606,16538,0
53569,22443,0
73143,62484,0
69664,36059,0
34404,51595,0
30161,49246,1
55995,17576,0
13230,3299,0
47943,67890,0
12840,20534,1
87893,11566,0
84486,64860,0
69240,3790,0
42592,13553,0
78288,26890,0
89133,45195,0
43818,42173,0
88155,39579,0
67883,60738,0
36649,37437,0
74254,13785,0
45218,1964,0
72932,9041,0
37451,11306,0
63113,1204,0
58400,16657,0
20349,11794,0
73304,4698,0
38309,35277,0
86809,45518,0
30237,27455,0
18645,44787,1
50392,29044,0
9186,13245,0
10942,57819,1
54013,39488,0
17443,25222,0
13001,55373,1
87114,65076,0
79706,53304,0
12805,32701,1
65825,23584,0
59356,43525,0
16355,54199,1
36359,49355,0
58313,24856,0
39105,5469,0
14860,26723,1
50041,36051,0
54349,18664,0
13490,59129,1
25709,31921,0
23260,45813,1
61970,38829,0
37306,50913,0
74922,26864,0
31531,49209,1
21932,19435,0
75754,3225,0
72227,5531,0
61194,6358,0
86481,61652,0
78041,17225,0
80505,58319,0
26423,47722,1
28869,15822,0
19576,66918,1
51884,49070,0
48505,51248,0
19164,59739,1
72626,66532,0
60843,3509,0
80963,66985,0
35026,8952,0
78297,26574,0
33277,20525,0
56809,19859,0
86819,38412,0
55768,23955,0
75598,20642,0
67965,58760,0
33134,1894,0
26894,55653,1
69631,48499,0
32023,21960,0
32101,1955,0
31287,20582,0
60208,69555,0
43913,3362,0
12190,26475,1
54418,25549,0
60021,59456,0
60868,21589,0
47824,23090,0
26538,16986,0
64766,40163,0
17430,7225,0
86372,22315,0
49067,55034,0
22509,12824,0
67723,19860,0
51276,52475,0
78996,36550,0
47457,57135,0
87719,29003,0
34356,21072,0
15490,34710,1
83994,68719,0
56236,51125,0
86676,62796,0
20873,7899,0
27386,50724,1
59757,13832,0
30882,54463,1
82040,58250,0
11585,53065,1
72077,63547,0
89903,11666,0
43132,28713,0
82784,47158,0
31257,57906,1
59096,39967,0
72213,3684,0
25282,38089,1
21289,27226,0
36565,64577,1
88458,10445,0
78789,57595,0
13666,22274,1
69893,12697,0
52695,14739,0
11434,19347,1
64752,36124,0
35890,34479,0
79600,14003,0
27178,28078,0
65369,10415,0
38826,21863,0
23988,24614,0
41311,25198,0
64047,23653,0
88951,43599,0
55980,19878,0
84125,27851,0
23588,14408,0
24109,45265,1
34730,68414,1
74804,52387,0
66913,6620,0
64105,24023,0
14447,53446,1
83899,37350,0
22617,43100,1
70807,41846,0
47619,30120,0
27865,65052,1
76571,9307,0
79838,48696,0
59841,47294,0
13612,44712,1
58960,55005,0
56847,49083,0
63039,9366,0
73792,27445,0
43611,35706,0
25043,34633,0
9353,42397,1
12540,52357,1
60851,10376,0
71142,26933,0
73855,60864,0
40402,48990,0
10486,62985,1
32893,9498,0
54594,45751,0
65636,36087,0
72535,26982,0
26173,18190,0
15995,13532,0
33313,65199,1
14048,41385,1
17139,58086,1
62912,65307,0
15051,67682,1
75702,39741,0
63592,34085,0
29812,67768,1
88429,55423,0
41061,54814,0
24863,16246,0
52773,46941,0
74213,63156,0
81383,17180,0
56777,37844,0
60634,53898,0
55895,4660,0
13545,1243,0
70173,51923,0
78411,65164,0
34847,21931,0
15901,16010,0
57873,25252,0
30202,4389,0
28266,50064,1
40415,17873,0
37217,11194,0
43463,30826,0
61199,60286,0
48012,31469,0
89684,17749,0
78950,5461,0
51402,20375,0
13425,60829,1
62409,32810,0
33170,11743,0
88193,12110,0
76362,42851,0
43782,51323,0
13898,11156,0
57149,61889,0
59324,53771,0
61793,50903,0
7146,15814,1
44247,25335,0
62434,45282,0
35623,4070,0
42881,41026,0
89570,53936,0
18522,11938,0
78379,10375,0
21838,21063,0
89052,37223,0
23266,64362,1
24800,39421,1
52776,58657,0
10893,2306,0
80004,20607,0
60178,47448,0
39709,22986,0
25256,25832,0
50903,3259,0
25380,22704,0
85068,16688,0
23298,69627,1
38763,17982,0
15840,11033,0
35337,17231,0
47314,48547,0
73025,55669,0
24644,52761,1
54886,6141,0
44729,45452,0
69214,50384,0
22252,55255,1
13651,42751,1
32909,42902,0
35935,21938,0
67939,57356,0
34895,51119,0
32168,13338,0
39149,66490,1
62175,31141,0
34077,45439,0
76679,63779,0
73157,69064,0
68986,49555,0
21836,17994,0
38156,31392,0
52900,26452,0
87655,24575,0
27192,51057,1
74854,27311,0
76728,56035,0
21152,31915,1
45204,31622,0
67859,28196,0
52681,12275,0
67391,53295,0
22137,35403,1
86177,55417,0
88354,29749,0
17138,68782,1
35237,64763,1
10570,20229,1
87102,27473,0
26782,9034,0
45713,6493,0
83864,56100,0
66187,21345,0
62228,26191,0
20616,22789,0
87805,45151,0
12247,63184,1
88580,24136,0
60106,1218,0
39345,45349,0
70135,27915,0
56488,42032,0
60344,22072,0
66491,54434,0
44484,41264,0
62184,66598,0
74616,62689,0
27573,42287,1
71898,7183,0
18009,53141,1
19372,16022,0
89877,35195,0
73421,22695,0
35155,20169,0
44235,48361,0
42597,15032,0
23475,11895,0
10428,6068,0
45990,14744,0
88294,24054,0
24256,39818,1
65544,42046,0
53524,49691,0
61859,14854,0
21212,43785,1
25773,60249,1
31919,26069,0
36079,54618,1
71253,55550,0
75433,47212,0
77034,62748,0
42307,28226,0
65423,62160,0
87593,8650,0
64168,52487,0
27673,36134,0
69232,58927,0
61467,6537,0
59356,33914,0
63529,31990,0
77831,29273,0
76263,23525,0
72015,47458,0
16639,52638,1
14263,20591,0
37425,26300,0
59688,19724,0
48950,56174,0
18331,67595,1
35810,2768,0
30267,25214,0
51771,13815,0
72895,2165,0
28824,44414,1
48017,32580,0
14972,57904,1
40968,8095,0
57691,57110,0
84278,17363,0
9137,8752,0
24986,27563,0
37343,51105,0
8435,39422,1
60786,69982,0
41480,53633,0
59146,7141,0
54960,51967,0
89106,34928,0
45072,61390,0
39837,35710,0
11554,68375,1
30786,61584,1
16001,15479,0
31509,46788,0
36608,19874,0
88346,44760,0
59032,68850,0
71302,7196,0
86137,54827,0
69703,28035,0
29817,63701,1
55467,49541,0
23981,67574,1
81029,26290,0
20802,50975,1
64281,3321,0
44962,1940,0
37082,9396,0
87197,8414,0
72443,11082,0
73268,7377,0
59165,51723,0
25064,68988,1
41615,10403,0
17172,14310,0
82377,40019,0
87866,57588,0
21796,23426,0
29302,40935,0
53701,5084,0
23069,40929,1
65903,51953,0
47170,16078,0
45480,17611,0
18891,58846,1
56656,62545,0
19107,46378,1
32381,19145,0
41850,61940,0
67835,59879,0
17956,66521,1
29478,67712,1
31464,36703,0
64218,4124,0
60794,54771,0
76039,14584,0
54990,48857,0
11574,24044,1
54965,66591,0
76253,69862,0
62704,15045,0
45786,4482,0
64378,59363,0
18188,51583,1
25076,48715,1
34679,30425,0
24829,62210,1
78398,53326,0
54685,56723,0
34566,16042,0
38889,59186,1
9136,51618,1
43483,9839,0
60262,51667,0
37880,41999,0
67942,53330,0
35017,56920,1
7719,6763,0
16875,5178,0
9752,67295,1
85573,41001,0
56468,67864,0
74722,46277,0
9871,46456,1
32258,12349,0
32782,48992,0
35090,29901,0
59570,69859,0
68878,13335,0
82728,69794,0
47136,17774,0
65667,46497,0
85495,14988,0
83510,36993,0
53631,41617,0
76956,26007,0
54318,29760,0
39422,64155,1
77691,16017,0
18479,16387,0
72506,10751,0
19107,28422,0
76587,50244,0
62759,17005,0
7963,9223,0
14168,34323,1
82639,47599,0
81406,11173,0
50038,19710,0
75950,13869,0
74911,14959,0
33242,21059,0
70603,59239,0
19245,12827,0
21847,37526,1
29400,66430,1
61384,67034,0
20759,44137,1
39336,36648,0
15519,55392,1
75595,28907,0
60102,8221,0
7114,14782,1
41125,65177,1
10307,43660,1
59502,6632,0
88701,57447,0
59756,57309,0
11968,61347,1
47361,33106,0
42297,21208,0
8385,4766,0
14150,41682,1
84221,43640,0
55403,18582,0
40751,55719,0
68028,54578,0
88793,53378,0
83440,63140,0
77231,26173,0
79888,22251,0
57198,24978,0
26323,3379,0
67912,34892,0
22188,21970,0
38276,23597,0
51806,17841,0
15784,16726,0
86985,46318,0
40761,42843,0
88973,28836,0
15471,68058,1
48128,44854,0
41773,50190,0
28556,17134,0
79774,21146,0
7814,44342,1
51623,30361,0
86678,55060,0
53109,33795,0
8057,46461,1
10033,63689,1
75085,59255,0
47176,59277,0
71017,43871,0
21849,35066,1
42552,19343,0
19659,14176,0
37116,24962,0
70092,12542,0
71387,36991,0
10733,36354,1
64902,41261,0
53241,3667,0
55023,52462,0
85182,39270,0
42663,7802,0
77636,3794,0
82141,43793,0
38603,19319,0
57902,26490,0
23859,15490,0
77624,53391,0
72209,66580,0
61206,62477,0
68271,40649,0
42549,4153,0
84830,38358,0
68507,17838,0
28196,23062,0
31943,36802,0
53262,32310,0
11430,15654,0
47864,45437,0
12336,56258,1
29154,45056,1
87529,20011,0
16838,29510,1
24740,11313,0
40729,27283,0
18417,20846,0
50565,33035,0
85406,66373,0
30143,52846,1
60813,59907,0
81507,28607,0
14753,5870,0
80635,12586,0
47644,69585,0
10994,55263,1
23700,22381,0
77859,49406,0
12168,65935,1
70632,63215,0
67390,37260,0
49299,33962,0
88166,69332,0
59278,57902,0
16425,58865,1
79608,50216,0
63960,16356,0
78517,8416,0
27185,4175,0
17688,26670,1
71301,54360,0
69528,56258,0
22039,15492,0
88425,8288,0
82487,53394,0
78688,2518,0
59467,46870,0
63981,10062,0
33982,29089,0
85752,35700,0
88900,52643,0
77186,16859,0
62848,24100,0
77950,41838,0
31693,23921,0
22513,29090,0
63740,13716,0
16900,33755,1
46840,7694,0
51508,50006,0
77552,47168,0
64180,44316,0
7104,44589,1
76445,66999,0
12471,16451,0
41234,47394,0
37734,32680,0
67656,4259,0
14720,24499,1
15110,46056,1
84014,53891,0
78550,50222,0
42538,11912,0
79999,13019,0
75801,36906,0
14967,66769,1
55446,59136,0
12567,13533,0
45513,43121,0
29260,30851,0
81885,18157,0
54994,5172,0
83073,5551,0
74965,42089,0
69800,33961,0
37959,8595,0
9817,14496,0
77707,39940,0
18071,39076,1
69342,45033,0
22750,32205,0
64594,44262,0
30829,4600,0
72185,2870,0
38442,22959,0
27315,41482,1
44154,52917,0
23705,47482,1
54523,48661,0
9205,69205,1
31572,5422,0
20987,36935,1
28909,45235,1
17323,3185,0
47664,38524,0
52891,55176,0
37600,48428,0
85540,45978,0
22358,21311,0
53075,66098,0
85530,52441,0
12879,45958,1
16571,43064,1
12057,54032,1
20399,37736,1
45992,10024,0
28516,43969,1
14307,54317,1
41895,45526,0
43038,59857,0
83773,26546,0
12343,6677,0
64745,53126,0
73131,62383,0
56892,45821,0
33732,63248,1
48650,40087,0
72484,15253,0
21940,12928,0
86304,41056,0
19741,59355,1
80767,37433,0
16637,3998,0
72146,11952,0
55616,24328,0
79552,61172,0
75000,9474,0
63838,1938,0
20578,4142,0
51490,41895,0
30892,35919,0
82192,64692,0
53819,24348,0
22117,8732,0
55673,43639,0
47560,61527,0
20104,10664,0
9052,35234,1
28755,19565,0
9500,63963,1
61597,69441,0
15930,51458,1
25598,26701,0
47232,42224,0
26058,34596,0
32838,47921,0
10003,35012,1
9322,39320,1
39883,30208,0
45488,9874,0
79219,45512,0
33981,13357,0
81479,48727,0
41117,3447,0
7078,69926,1
61287,64857,0
82221,49864,0
42939,30084,0
49352,3613,0
73157,51439,0
35233,31400,0
78698,68932,0
83646,1993,0
54570,67473,0
52752,32502,0
35845,16459,0
33823,44916,0
45664,68637,1
11323,14554,0
23899,27545,0
89408,64698,0
26833,56868,1
43866,69157,1
70726,63693,0
55940,9165,0
32301,38386,0
28558,50108,1
66846,4993,0
51995,46090,0
30014,41358,0
30900,18243,0
54409,59537,0
76839,20121,0
69873,23731,0
72655,48790,0
80050,66947,0
78023,51168,0
72203,52855,0
85326,2721,0
66608,41185,0
69376,22314,0
74294,41294,0
19306,36469,1
82771,34305,0
28129,24294,0
58668,22506,0
29015,40017,0
59695,8460,0
89831,24589,0
22053,27263,0
32152,1342,0
40384,19343,0
31231,31918,0
16393,60175,1
15907,52243,1
66303,25060,0
71271,50826,0
88542,56500,0
88396,32460,0
34604,14592,0
66391,17919,0
65649,10360,0
58015,31141,0
41179,60318,0
52946,49739,0
40132,34621,0
33056,4659,0
27104,35710,0
49471,22173,0
32735,49700,1
16647,54950,1
69325,46672,0
11512,34613,1
10492,32133,1
75337,14978,0
29268,47851,1
73804,43386,0
44929,4367,0
7920,58546,1
69259,40138,0
58170,28962,0
88854,65948,0
29066,48578,1
68009,40030,0
7187,34055,1
46191,25375,0
12483,1952,0
70686,44912,0
39233,67703,1
67702,30884,0
89756,63805,0
42732,8402,0
79541,56600,0
63268,18339,0
42334,17760,0
38353,28958,0
40737,56488,0
63992,42820,0
77672,56405,0
73580,21144,0
47266,4714,0
66199,39510,0
27779,39203,0
84487,10756,0
59921,53515,0
79678,55709,0
37135,67462,1
15272,25472,1
49390,27070,0
81314,63992,0
11898,32927,1
22684,44372,1
40095,9555,0
16045,18234,0
60052,42035,0
23115,57026,1
53214,52831,0
54461,65646,0
16550,52958,1
78816,30724,0
7895,12355,1
57631,36351,0
69963,8599,0
46726,19960,0
69489,30874,0
84529,33699,0
21468,21837,0
61383,42238,0
47473,36905,0
61671,56942,0
17813,47809,1
38555,52327,0
83004,28379,0
31767,66172,1
64223,27752,0
31507,49683,1
54577,42078,0
64482,56911,0
68758,4965,0
84410,61518,0
58425,14957,0
62368,57374,0
30471,20086,0
45112,35370,0
25733,47777,1
10274,1782,0
12559,58331,1
31191,17002,0
53230,64592,0
22309,47135,1
39817,8154,0
65237,6249,0
20253,30406,1
21411,60464,1
17795,51009,1
83613,21565,0
44131,43265,0
40075,56703,0
15681,12670,0
16916,36270,1
53562,27037,0
32197,61342,1
24133,62252,1
69459,52216,0
32430,17766,0
57927,11120,0
36118,42075,0
20262,54217,1
48601,41542,0
85513,10756,0
39389,57295,0
56570,37566,0
43753,7172,0
57129,44504,0
45358,33464,0
38084,17068,0
69414,40346,0
66505,22396,0
18947,63880,1
76455,57792,0
60937,12482,0
48626,39309,0
10406,9744,0
79723,34584,0
54653,45910,0
52229,39918,0
54036,67908,0
32743,67629,1
72012,1559,0
49618,53297,0
35018,40426,0
67113,36550,0
87651,23956,0
49321,31951,0
46932,16047,0
44166,44332,0
7385,26939,1
33616,60453,1
7683,50884,1
89180,3092,0
14437,69517,1
58540,9743,0
21041,10207,0
33556,2014,0
18310,42150,1
78780,53359,0
21437,39346,1
17079,30237,1
69832,12780,0
67198,16029,0
30116,64627,1
77744,25962,0
55959,53979,0
82890,45118,0
61289,61542,0
75001,25394,0
74212,19237,0
63175,68332,0
37781,23311,0
46411,12097,0
65053,14550,0
33150,52077,1
25821,24765,0
65591,23899,0
21059,29276,0
22101,27268,0
89059,27269,0
31134,46943,1
52397,1964,0
49154,10242,0
86038,43725,0
55880,24403,0
18791,30000,1
52553,5657,0
32253,22949,0
56828,68360,0
66944,15802,0
36658,29617,0
77859,46421,0
28005,56828,1
21838,40232,1
48778,55044,0
46876,43745,0
34261,26192,0
8499,21780,1
55255,26591,0
65787,27802,0
44033,13608,0
15581,65550,1
61175,33023,0
77211,50682,0
27587,39422,0
86162,37741,0
47364,47702,0
75992,11213,0
69547,49635,0
28984,34522,0
20433,25999,0
66134,11662,0
37443,65791,1
30975,38437,0
21972,56328,1
32326,27046,0
84268,32521,0
8293,9298,0
10490,17582,1
8373,54732,1
28824,66126,1
71160,59139,0
12615,11076,0
29967,59829,1
20065,14562,0
36504,43345,0
13407,42059,1
7785,10164,0
62086,52424,0
74494,26448,0
36338,42425,0
29566,5714,0
46726,30186,0
25506,44948,1
23998,66460,1
70098,60666,0
82229,31229,0
56910,39128,0
82004,62715,0
39860,15669,0
25619,49376,1
40444,57432,0
59740,59298,0
13513,60282,1
19110,17129,0
54026,57245,0
72851,44849,0
38960,39726,0
44118,30390,0
29151,53216,1
44782,37739,0
79611,9473,0
69247,24382,0
29538,52483,1
10251,14448,0
50952,19431,0
64668,27322,0
50836,13752,0
40464,58743,0
45891,6592,0
36650,43144,0
77278,32412,0
34215,24867,0
76198,23679,0
25536,40359,1
68484,33865,0
27173,21686,0
69414,43178,0
7230,65205,1
40848,19992,0
76936,58283,0
54521,54937,0
60939,16131,0
57195,59943,0
67678,61958,0
14471,3289,0
19924,44324,1
80869,59144,0
31378,3043,0
55942,62698,0
41451,61306,0
28919,66232,1
89480,38894,0
81968,41346,0
76287,44813,0
89285,51664,0
17984,55630,1
15019,4269,0
42648,40060,0
25644,58069,1
55865,61031,0
19218,46669,1
46260,14146,0
17694,11179,0
24942,48893,1
65307,62287,0
25967,15102,0
30327,27929,0
51633,14654,0
55823,55367,0
27641,48662,1
24432,54708,1
23081,25858,0
40975,55130,0
16800,52491,1
14062,66698,1
69418,7890,0
32928,47027,0
86104,42241,0
88869,9506,0
12398,19304,1
86221,45597,0
26200,7191,0
50118,48397,0
27651,9146,0
80189,60376,0
52712,40662,0
25408,60538,1
57377,20288,0
52761,22871,0
46244,3149,0
89658,55215,0
75713,37826,0
81194,62114,0
10624,40456,1
80783,21973,0
60835,6989,0
59657,21857,0
62002,29232,0
22561,41426,1
42110,62672,0
7851,8881,0
61987,65889,0
83282,4608,0
86964,17111,0
20167,12229,0
61517,34433,0
80231,1411,0
40903,17395,0
63018,48712,0
13584,64495,1
86230,7965,0
27211,68885,1
64186,11437,0
74709,66640,0
79068,60811,0
12536,15314,0
66179,18687,0
80918,65858,0
74735,42581,0
27137,53767,1
55384,38800,0
56422,35781,0
77653,39538,0
54961,14567,0
9939,25575,1
60021,6422,0
31332,12778,0
71129,17039,0
24695,21348,0
37397,66611,1
40201,55072,0
67572,42512,0
54441,16876,0
39945,23939,0
82595,62060,0
35162,23447,0
58135,7861,0
21694,22665,0
64099,27773,0
80037,28137,0
61217,59673,0
40102,42614,0
75533,7072,0
48384,52887,0
46188,56873,0
57156,15042,0
10003,53877,1
87042,17543,0
82778,48504,0
79629,33289,0
55585,34895,0
17856,3380,0
51666,15555,0
52359,50069,0
49183,23845,0
33748,4162,0
77116,54484,0
78896,51929,0
55310,28188,0
61144,24114,0
78164,12318,0
85866,39254,0
37594,67002,1
30050,52757,1
51614,6926,0
61466,57569,0
60029,67934,0
30529,35778,0
16210,58086,1
87188,31331,0
61146,10201,0
59010,33512,0
22382,49190,1
69403,50828,0
76136,37303,0
68360,5502,0
43121,18225,0
51866,14900,0
66356,2519,0
46937,31230,0
68729,17243,0
67982,46344,0
41303,4075,0
72743,29727,0
60168,16639,0
51027,43988,0
18737,66657,1
74551,5250,0
42220,5368,0
45257,48324,0
50661,66565,0
83752,5623,0
42202,33880,0
73405,59143,0
73571,65386,0
75859,27994,0
68815,6070,0
51096,45638,0
44848,3911,0
70331,30336,0
85617,18773,0
10356,11642,0
42717,54799,0
38583,51887,0
32161,44426,0
78616,55896,0
15215,12987,0
67556,64646,0
55836,35855,0
88760,62754,0
20209,20774,0
40149,38807,0
63823,30547,0
45664,30222,0
30357,30615,0
57994,35581,0
37029,9635,0
36543,53963,0
61457,55418,0
47682,61782,0
80503,7568,0
8542,25176,1
64617,11585,0
89098,2029,0
60873,24129,0
19602,52003,1
14187,52325,1
16158,49855,1
15969,17078,0
48649,48163,0
43933,46388,0
75253,24446,0
77653,43521,0
72264,4872,0
42846,55475,0
63417,19577,0
49079,54389,0
43077,54288,0
20249,40156,1
71685,49075,0
9300,48642,1
57349,20958,0
84749,2466,0
72911,56838,0
42430,55814,0
22053,49903,1
88151,46476,0
24902,15133,0
73631,27888,0
14919,5244,0
34845,54362,1
36444,17341,0
22656,66949,1
55091,12499,0
67471,12387,0
39366,31642,0
42548,56543,0
16660,51588,1
67807,60748,0
68490,18641,0
85862,16635,0
32291,43412,0
87325,44729,0
15447,15497,0
14744,5117,0
52153,20738,0
74894,33579,0
35248,67037,1
31221,65910,1
28175,29177,0
62945,60396,0
9427,11844,0
17444,40043,1
23219,31595,0
73546,11309,0
23997,65692,1
57912,34490,0
79744,32890,0
62462,53417,0
54898,29620,0
19681,21978,0
63385,41457,0
89748,20785,0
67539,20502,0
84389,3539,0
43252,9322,0
23926,61597,1
20046,33908,1
75509,65065,0
80884,38180,0
48873,6807,0
67705,21467,0
17472,68412,1
87563,32068,0
33669,55076,1
26840,59658,1
35992,6621,0
89601,24895,0
39347,47170,0
19741,59747,1
59444,10203,0
62542,51696,0
65518,13894,0
25971,33243,0
89184,38346,0
10279,36578,1
86847,47335,0
46131,50786,0
30070,57879,1
10393,53288,1
24007,68681,1
48980,66151,0
18677,12494,0
47017,58207,0
58162,31156,0
17507,21226,0
54282,37880,0
7837,62591,1
70760,8734,0
61913,38045,0
34901,52344,0
59172,4396,0
86154,64172,0
76789,59570,0
78401,38036,0
29924,15262,0
64472,53977,0
62014,35637,0
72415,29657,0
18508,58002,1
52054,14672,0
60102,12684,0
12868,63682,1
63231,14162,0
53528,41589,0
40724,35245,0
63254,15108,0
89691,59792,0
20982,38859,1
77693,37142,0
65438,19029,0
18660,11211,0
19196,9474,0
36532,69018,1
80505,16718,0
56886,16006,0
57047,62882,0
45693,8436,0
23896,7314,0
25142,63843,1
83353,68986,0
52275,20398,0
80930,17513,0
32206,52360,1
39184,22846,0
20078,20765,0
38375,9124,0
21776,44410,1
69902,21643,0
26926,36678,0
87686,2445,0
77739,69617,0
14061,8571,0
45203,14050,0
22181,23426,0
36800,69580,1
69052,35531,0
65978,6267,0
40204,53641,0
45554,54429,0
52661,15459,0
22377,4033,0
64622,58641,0
10840,20444,1
14348,16010,0
86504,22711,0
88690,53981,0
65756,27566,0
56726,4779,0
19260,53354,1
48621,49409,0
44325,63447,0
72661,61451,0
39887,13593,0
12351,41920,1
71543,14179,0
40214,48382,0
26275,48491,1
36584,45265,0
20978,45838,1
76589,57398,0
24113,37196,1
21043,20955,0
26116,31924,0
45443,63408,0
28573,36005,0
26726,62798,1
11735,48352,1
33798,56207,1
38918,32178,0
8203,4886,0
18397,57675,1
43185,59973,0
42011,31014,0
17378,31522,1
64208,62648,0
41300,40219,0
79416,35841,0
21051,44999,1
69018,3146,0
48247,61271,0
16241,30564,1
52462,19402,0
7069,34237,1
14242,10507,0
30134,31486,0
65676,45962,0
63781,62249,0
32463,16010,0
13971,5198,0
17606,14737,0
39881,56702,0
18779,3198,0
87794,38211,0
12349,8635,0
63562,47045,0
18090,62822,1
76867,69499,0
21720,61891,1
19191,18240,0
28883,45136,1
27010,21276,0
81504,15949,0
51532,27244,0
35390,36538,0
69883,41972,0
55828,56527,0
14637,2802,0
83668,41463,0
41890,35950,0
59266,13649,0
10618,18581,1
35202,28511,0
42008,42527,0
39482,29812,0
13395,20960,1
30774,54085,1
60288,8110,0
50519,19113,0
8828,35575,1
53742,58276,0
25297,18830,0
84211,57124,0
27422,65155,1
30353,64763,1
12466,64279,1
27710,17250,0
20024,69028,1
71294,14525,0
36642,28791,0
77916,18147,0
29746,15651,0
41374,61503,0
47274,56684,0
27718,56119,1
74325,65486,0
14569,23426,1
85472,2426,0
50581,38382,0
8896,17432,1
36832,31236,0
50705,25099,0
8847,29586,1
73564,61095,0
74861,64193,0
86350,4871,0
78243,33286,0
12992,10696,0
82007,61755,0
8392,14894,1
69033,50642,0
34199,21659,0
18004,68991,1
84685,41762,0
89899,44322,0
85078,61412,0
88379,67778,0
67099,59217,0
77125,15180,0
17856,41449,1
86099,63094,0
21116,30703,0
32831,12189,0
40973,54714,0
47524,35027,0
14508,47489,1
20805,52220,1
47322,8639,0
71344,41462,0
8204,9748,0
55465,17086,0
70028,38066,0
41114,34728,0
81546,8850,0
7823,52959,1
84425,24137,0
38510,34393,0
44932,8230,0
39627,65939,1
10297,39981,1
63887,44906,0
55093,7812,0
86057,37295,0
20100,55780,1
13486,2397,0
38484,30405,0
42604,68984,1
10846,51930,1
72070,31027,0
34009,61259,1
18308,39115,1
45402,38478,0
10636,19751,1
47186,62969,0
9997,15066,1
51653,54368,0
40906,26168,0
50613,63105,0
28181,49471,1
51068,10493,0
29076,15852,0
79825,1386,0
27642,43085,1
56581,51099,0
60940,16054,0
41166,55595,0
59895,14555,0
86239,24716,0
27106,27166,0
77074,11507,0
11422,43693,1
56011,10944,0
83184,45472,0
47018,69963,0
55475,9001,0
19845,28676,0
77253,40986,0
15656,54241,1
55596,4644,0
78163,23952,0
57911,47836,0
14541,8419,0
60226,58645,0
59078,5035,0
30927,42313,0
54694,56579,0
71965,56199,0
16330,49771,1
70345,25617,0
15621,15261,0
22128,68933,1
26545,37530,0
60986,8338,0
31050,57462,1
31179,60520,1
58398,42920,0
26356,52770,1
88682,40996,0
33027,42516,0
89388,8062,0
69586,58874,0
81622,16801,0
9646,17466,1
51651,2860,0
89888,64209,0
65352,68788,0
8715,42296,1
10723,39069,1
40148,59281,0
88533,9434,0
42412,6362,0
67704,37180,0
86414,13448,0
48969,56053,0
13543,7171,0
63014,18439,0
16438,26213,1
57833,6357,0
37767,35681,0
26699,45254,1
17988,66048,1
16187,30131,1
19852,28743,0
7357,9392,0
84347,5014,0
18434,62377,1
56458,49759,0
76225,10153,0
49863,24067,0
54330,26416,0
19416,42464,1
37841,41356,0
48475,3130,0
71010,42199,0
86262,60114,0
35446,41977,0
33694,43169,0
7064,14426,1
39585,4014,0
43105,8830,0
33536,23732,0
54082,33318,0
88197,19272,0
8748,60329,1
70647,64394,0
77959,65271,0
56606,57141,0
16397,53927,1
12364,5650,0
81764,56653,0
9331,21121,1
51204,17321,0
21694,27895,0
88711,18263,0
33086,67975,1
18904,59133,1
40575,27606,0
83556,60324,0
87873,7099,0
73335,69193,0
74673,65293,0
79711,4708,0
28979,65227,1
88849,45992,0
14136,46724,1
76372,38156,0
58916,13686,0
64404,30763,0
30855,63507,1
89890,46134,0
56902,17055,0
12866,44266,1
77124,61841,0
41142,35002,0
26899,31619,0
40954,14359,0
79786,45922,0
62478,62937,0
14943,36155,1
69622,8244,0
9437,21235,1
84396,51621,0
13054,69220,1
83254,69159,0
17689,63523,1
81447,51995,0
23042,1721,0
17676,23264,0
80912,32313,0
85665,62482,0
77411,33513,0
71235,5110,0
86586,17123,0
20646,61897,1
37259,13203,0
56482,66603,0
73319,11705,0
44889,21564,0
81286,66637,0
69601,31344,0
73489,7856,0
63305,35374,0
46063,46224,0
74684,61357,0
58855,57274,0
66188,24998,0
41563,6711,0
28257,63179,1
74330,56840,0
26411,5061,0
10683,44265,1
29816,27688,0
82283,54856,0
49454,5596,0
34301,57536,1
35955,69109,1
56283,39539,0
75474,27393,0
87167,52083,0
65109,3495,0
25606,36682,0
54703,41277,0
76633,54850,0
53476,41041,0
25683,11101,0
31579,69976,1
18855,34620,1
55299,49132,0
38545,44932,0
13797,12182,0
77526,21871,0
71338,58287,0
27354,12652,0
43398,69771,1
55967,69570,0
31661,57583,1
8285,5655,0
7354,50810,1
24685,63970,1
30997,42971,0
23036,63940,1
87272,48407,0
18044,50168,1
81739,45104,0
66928,22985,0
22069,41329,1
20135,23855,0
49851,16805,0
48011,27571,0
34271,49707,0
78384,61647,0
61153,9679,0
31179,48320,1
81614,50923,0
82033,58808,0
61029,64287,0
44108,3791,0
80043,28503,0
20393,51053,1
18337,55368,1
71732,25245,0
45700,61608,0
49704,7540,0
69731,35516,0
8830,43817,1
